date,spot_close,spot_volume,perp_volume,oi_usd
2023-11-21,35741.65,1756747495.981855,449054.6789218954,2845194505.732809
2023-11-22,37408.34,1657141022.427348,337694.1952243763,3026378339.461956
2023-11-23,37294.28,888826648.8541473,185428.19292710617,3057750085.3923225
2023-11-24,37713.57,1688715728.079148,351142.04756778653,3018835666.994448
2023-11-25,37780.67,430165251.7609749,82615.28689640258,3006025723.6993985
2023-11-26,37447.43,797321193.5893991,173711.3064568084,2963275700.0085974
2023-11-27,37242.7,1112557435.2767923,266129.9065747866,2952124139.0838675
2023-11-28,37818.87,1414360251.6823456,318517.104742328,3067880980.8751297
2023-11-29,37854.64,1252586505.66259,261714.11212290745,3128139384.511229
2023-11-30,37723.96,934491058.960814,191248.96182490035,3117097512.2204986
2023-12-01,38682.52,1669750777.6239817,342438.01174147724,3443559199.282448
2023-12-02,39450.35,1043421976.7660652,204597.6360063229,3221789216.8538594
2023-12-03,39972.26,1059860641.0494444,221987.65398644205,3199286630.598865
2023-12-04,41991.1,3285736844.1408806,601310.1729174416,3494587646.022633
2023-12-05,44073.32,2890205389.4901266,575218.8409662116,3642037743.262727
2023-12-06,43762.69,2256979505.594805,383929.4874501635,3733542502.265616
2023-12-07,43273.14,2046945851.8836448,346110.6046778772,3612413386.550218
2023-12-08,44170.99,1875581755.4469104,281952.4240429657,3630911040.64843
2023-12-09,43713.6,1096487106.564834,189399.1656150502,3535278787.7921176
2023-12-10,43789.51,830485162.5569535,144593.69064084633,3643790466.816644
2023-12-11,41253.4,3205540835.511434,620892.698788133,3118144061.202584
2023-12-12,41492.39,1773961284.3375635,356637.55626814574,3212589210.8276715
2023-12-13,42869.03,1919703389.4848804,396835.58657357167,3371856529.643268
2023-12-14,43022.26,1798740625.30166,343242.62755345093,3286697229.17526
2023-12-15,41940.3,1416898938.509979,257106.0802696352,3182828816.545373
2023-12-16,42278.03,1020469627.8857332,160599.9198316241,3186356356.828128
2023-12-17,41374.65,1161963642.9627964,224793.4815833569,3161349566.997117
2023-12-18,42657.8,1936003306.0825727,374539.957240076,3223987794.521974
2023-12-19,42275.99,1747830242.4615936,315410.94678098493,3247375689.026277
2023-12-20,43668.93,2115813869.779619,377127.4172254271,3485882959.309812
2023-12-21,43861.8,1514529919.1877797,277009.19186904613,3536257260.018043
2023-12-22,43969.04,1436074497.5128598,238416.8440724214,3403551782.667442
2023-12-23,43702.16,722943825.3332176,120827.49225146252,3438981162.499689
2023-12-24,42991.5,1093460634.889423,179700.9984305807,3321931772.8379745
2023-12-25,43576.13,1172053386.5109816,183596.22531903832,3382481357.0253143
2023-12-26,42508.93,1746333612.304945,295395.60291796364,3386942465.7960463
2023-12-27,43428.85,1554082990.052276,247913.30588064413,3305347018.2941146
2023-12-28,42563.76,1508408742.378081,257595.86916233104,3221211734.4189672
2023-12-29,42066.95,1803086285.2465773,336805.8621082433,3188332379.368154
2023-12-30,42140.28,964875790.984935,183948.4669941085,3183665014.538936
2023-12-31,42283.58,1001519241.5559052,173564.3872944891,3132379131.476518
2024-01-01,44179.55,1169995682.0280013,206487.4587926047,3389481866.605507
2024-01-02,44946.91,2944331821.823076,459943.0260634135,3589856261.639663
2024-01-03,42845.23,3507104563.744232,596042.5028044377,2943934702.970365
2024-01-04,44151.1,2095095359.4936347,332066.2389086949,3151256576.518341
2024-01-05,44145.11,2100953924.3687155,371027.3075581781,2971505386.68111
2024-01-06,43968.32,781212883.4916061,138586.34111902525,3006269649.816396
2024-01-07,43929.02,1014635096.1241482,180767.5115312317,3099449311.041275
2024-01-08,46951.04,3298772150.681508,495081.99079982354,3505137445.5195603
2024-01-09,46110.0,3251442072.8083963,513303.149926244,3265514393.042921
2024-01-10,46653.99,4123809481.712767,668867.6336132686,3200696163.8672743
2024-01-11,46339.16,4105139605.028302,596620.9555555178,3309789903.1998706
2024-01-12,42782.73,3827483735.576057,576124.277456254,3198902519.087222
2024-01-13,42847.99,1547370611.5531662,207802.6180183928,3220842346.05687
2024-01-14,41732.35,1202212782.257693,181153.96895696904,3217771643.720456
2024-01-15,42511.1,1718982911.1081028,240134.2256773241,3142681233.924714
2024-01-16,43137.95,1931947150.05907,287297.50247781293,3198356610.37576
2024-01-17,42776.1,1419888430.9228892,209461.89436649776,3242285951.074139
2024-01-18,41327.5,1839426541.263579,335122.01203901874,3212459285.035715
2024-01-19,41659.03,1993846466.538752,346048.4461475383,3104547966.83942
2024-01-20,41696.04,662768008.1509343,95880.45684061963,3111919285.2525253
2024-01-21,41580.33,489151571.0309043,67056.61432885121,3105121679.2038484
2024-01-22,39568.02,2247452153.7954326,459168.3776672497,3017314076.406894
2024-01-23,39897.6,2275851990.6468267,414503.5668900295,3025623270.32705
2024-01-24,40084.88,1569704923.8307493,272839.89786811965,3059229182.969483
2024-01-25,39961.09,1238813296.1526136,203699.65385844305,3114788930.479574
2024-01-26,41823.51,1951700659.289807,355530.18633018964,3317766738.541064
2024-01-27,42120.63,678418702.3509445,118474.33888574265,3296329016.092109
2024-01-28,42031.06,1154365891.668259,205801.1161423016,3159480621.4811163
2024-01-29,43302.7,1343462280.3618684,249580.5287255556,3336195966.848748
2024-01-30,42941.1,1633251085.6713595,257663.5524285528,3169850843.1884265
2024-01-31,42580.0,1711665577.0530825,313152.0170205116,3063469124.4567904
2024-02-01,43082.94,1497121440.6440022,274399.1107760908,3183423768.9750743
2024-02-02,43200.0,1277919437.2905612,205824.1013643052,3209099829.502741
2024-02-03,43011.09,518775350.0336009,89763.42385602531,3255020628.4308724
2024-02-04,42582.88,730999557.7083682,127461.596701,3291069692.4791007
2024-02-05,42708.7,1262620640.5407174,240731.3052809896,3406871226.694817
2024-02-06,43098.95,1061049582.6002768,196172.57683505933,3461112876.4815383
2024-02-07,44349.6,1496013692.382922,252135.2504244721,3672234947.297466
2024-02-08,45288.65,2042912128.1517663,299790.6418484046,3854418443.335207
2024-02-09,47132.77,3453043306.420976,520082.83011597785,3921569434.750443
2024-02-10,47751.09,1176079377.6922762,179683.06079453923,4144464767.405132
2024-02-11,48299.99,1443314885.7714052,210017.7050033697,4316924831.079231
2024-02-12,49917.27,2898220863.0181804,451036.83672003774,4614097316.921931
2024-02-13,49699.59,2745025370.067447,382392.5595441909,4384061003.703872
2024-02-14,51795.17,2919604456.723313,395316.0001163113,4693154773.625431
2024-02-15,51880.0,2802825737.9920154,392848.0366770279,4527561232.397685
2024-02-16,52124.11,1965003863.9713345,259657.98308285623,4567147826.61341
2024-02-17,51642.64,1319908544.979089,222411.2660862587,4522414502.076624
2024-02-18,52137.67,1139209588.4334626,166688.79997053384,4464466463.118152
2024-02-19,51774.73,1539600521.6007729,196437.2429937303,4544779219.059606
2024-02-20,52258.82,2574874999.3787174,385412.0492741878,4562058717.098329
2024-02-21,51849.39,2210278288.725095,307671.0058753088,4476045299.963873
2024-02-22,51288.42,1820949707.158534,244125.0926160917,4357065620.700417
2024-02-23,50744.15,1559143576.8296163,215535.872823274,4481633511.354011
2024-02-24,51568.22,847793393.571868,104947.65777416706,4493341751.864433
2024-02-25,51728.85,966951114.4504628,122148.00816033273,4474846409.700737
2024-02-26,54476.47,2710403072.980595,393589.7327194746,4631729639.229379
2024-02-27,57037.34,3795949115.224932,511501.77893168427,4607182691.365079
2024-02-28,62432.1,7162581994.48574,1000612.4395270498,4709888757.452445
2024-02-29,61130.98,4872212871.27608,584769.022653332,4405062561.543692
2024-03-01,62387.9,2956537377.9660296,299296.43756838026,4613894655.581513
2024-03-02,61987.28,1582566973.834093,159333.69198019168,4524827252.369226
2024-03-03,63113.97,1804536272.9443457,200374.5411010513,4779424920.706775
2024-03-04,68245.71,5568877537.081252,632958.9670349158,5540973983.72774
2024-03-05,63724.01,8674526591.287142,1045799.825498483,4573906622.167149
2024-03-06,66074.04,5197743036.597276,534179.4703098849,4846404279.058142
2024-03-07,66823.17,3548088039.2736087,296144.6452686327,4915267204.274168
2024-03-08,68124.19,5044395324.399055,459531.65581000247,5046168152.65028
2024-03-09,68313.27,1355964036.909299,94928.75281321204,5036266992.917727
2024-03-10,68955.88,2659307501.0945783,233670.39272746223,5342753925.25085
2024-03-11,72078.1,5352704377.618805,474545.5111948554,5730756705.19585
2024-03-12,71452.01,4909667978.559339,472172.6336317566,5587642549.555
2024-03-13,73072.41,3829764501.253793,288308.1950395391,5880972587.661363
2024-03-14,71388.94,5132189849.096632,514030.4514458973,6003009014.441198
2024-03-15,69499.85,7065279917.872112,705125.3808734961,5520044072.029989
2024-03-16,65300.63,3788544202.884856,333258.1674151308,5005368392.001317
2024-03-17,68393.48,3322963634.2425127,314989.1472506743,5377268716.342095
2024-03-18,67609.99,3768277912.418918,317907.93033843726,5354473582.60937
2024-03-19,61937.4,6484805948.535393,700687.076348912,4833170025.221331
2024-03-20,67840.51,5769770052.062583,637548.3450271074,5224767062.395491
2024-03-21,65501.27,3551223142.964417,346061.70031201164,4939673779.293826
2024-03-22,63796.64,3310481978.107645,401275.4145768257,4665351548.468976
2024-03-23,63990.01,1706152172.6316135,237950.71761452133,4735072631.614824
2024-03-24,67209.99,2059312948.648688,244256.1808042761,5182847308.84911
2024-03-25,69880.01,3679964073.811213,395280.388927203,5512708383.649217
2024-03-26,69988.0,2738537345.33588,307942.21508981445,5581234375.310413
2024-03-27,69469.99,3426458581.943343,407885.9396176732,5782543160.313058
2024-03-28,70780.6,2500571208.0026274,242258.5381407655,5888437958.861349
2024-03-29,69850.54,1779608477.3224535,188030.2825091136,5670768696.373468
2024-03-30,69582.18,954555919.6855744,91155.02910131056,5590086237.769463
2024-03-31,71280.01,1367523707.261245,132500.41790918802,5903611636.376549
2024-04-01,69649.8,2876486469.465523,282891.2680297047,5868099800.664289
2024-04-02,65463.99,4750030717.922425,492333.3761793406,5113826422.038819
2024-04-03,65963.28,2630556596.1359286,274561.45878617605,5285716530.208103
2024-04-04,68487.79,2795469450.572386,326451.93588290334,5375073141.400545
2024-04-05,67820.62,2555458935.236009,313645.78716410947,5100187192.571315
2024-04-06,68896.0,1373131967.764819,127383.75024147656,5272317744.765618
2024-04-07,69360.39,1496213373.1855776,171837.45368833753,5554070256.214422
2024-04-08,71620.0,3270853309.6629424,297327.0697888932,5753346896.864449
2024-04-09,69146.0,2749007421.6421075,334158.97545090056,5550227797.822238
2024-04-10,70631.08,2901564970.815804,337880.8428694505,5618133252.614048
2024-04-11,70006.23,2247473274.6162577,256196.5825035361,5725230965.276478
2024-04-12,67116.52,3843551585.321274,406216.90320292447,5377864894.506626
2024-04-13,63924.51,4614468627.809045,508765.780275177,4279137238.010539
2024-04-14,65661.84,3946124834.6970353,395894.5238896943,4397924298.599803
2024-04-15,63419.99,3398072231.5612235,381672.6673525536,4183450807.005738
2024-04-16,63793.39,3355338198.446913,406059.0235968252,4093243782.8611646
2024-04-17,61277.37,3128625247.4738536,444132.2422819859,4108303625.1632
2024-04-18,63470.08,2726741448.886802,363272.304920077,4292392694.051728
2024-04-19,63818.01,4419893235.183288,574444.5516828875,4202663043.014985
2024-04-20,64940.59,1486949581.439479,197204.2219801337,4366365965.082426
2024-04-21,64941.15,1254396628.1531763,160584.40395650823,4343078518.707535
2024-04-22,66819.32,2071690434.976552,246345.81337121443,4613144015.988779
2024-04-23,66414.0,1502139968.7198818,178663.84755560962,4520584434.803748
2024-04-24,64289.59,2195714861.657656,280566.60361527186,4503990334.959275
2024-04-25,64498.34,2007704069.2622728,275054.5257088337,4340723528.339423
2024-04-26,63770.01,1736631357.3537388,202212.9387294384,4291093697.219999
2024-04-27,63461.98,1320337707.7871158,167401.7069674075,4260906240.236904
2024-04-28,63118.62,1078450016.4732296,126095.77055555428,4149090748.033347
2024-04-29,63866.0,1765038324.6837213,228351.4615081201,4251574492.3029313
2024-04-30,60672.0,3372142467.4322524,408693.8134533189,4399727428.652647
2024-05-01,58364.97,4705572361.7402,564285.6887468527,3989636245.695696
2024-05-02,59060.61,2778840305.0505786,299283.3004406688,3987650660.2392807
2024-05-03,62882.01,2658193708.347904,353718.33204176545,4534211126.254681
2024-05-04,63892.04,1547468697.8765798,205268.96093803123,4713080352.163997
2024-05-05,64012.0,1182572239.5306182,185553.9544416379,4647876302.113921
2024-05-06,63165.19,2218131198.4661326,305206.9126520447,4471941537.671953
2024-05-07,62312.08,1624531631.592377,239049.75593466524,4422961059.400956
2024-05-08,61193.03,1623561041.1255188,239202.24184605537,4264000620.3548265
2024-05-09,63074.01,1895849912.773476,242526.6773906775,4399158540.139984
2024-05-10,60799.99,2255550468.413852,307311.0397731989,4363101031.273776
2024-05-11,60825.99,814928013.4573288,113330.49267847264,4316547244.338685
2024-05-12,61483.99,781041632.4623835,104076.50105489948,4287262513.5364494
2024-05-13,62940.08,2041896626.6108148,261907.8960102171,4475065625.781388
2024-05-14,61577.49,1800171876.1676655,244416.8622907404,4171802912.945596
2024-05-15,66206.5,2794259631.8910465,365115.2549788533,4872909997.121446
2024-05-16,65235.21,2045507646.8293848,242445.42786190627,4721768475.612105
2024-05-17,67024.0,1745971822.3447454,227125.3672667391,4965090905.555604
2024-05-18,66915.2,967145944.6835316,96949.58876410691,5027510892.547627
2024-05-19,66274.01,1204989222.8768685,148217.03310264714,4978236277.318981
2024-05-20,71446.62,3485474763.752294,366141.9865800754,5038070141.838201
2024-05-21,70148.34,3509345769.233608,245612.2198745945,5506714453.083762
2024-05-22,69166.62,1931700812.3032143,194221.518808542,5384841608.083164
2024-05-23,67969.65,2766790260.7886024,300186.45621410623,4818694891.941196
2024-05-24,68549.99,1906438696.7156007,186739.5179481785,4816907940.081875
2024-05-25,69290.57,837339788.9838961,85140.35627849304,5016255726.740126
2024-05-26,68507.67,818914878.9908898,84096.2472172373,4871950287.46236
2024-05-27,69436.43,1604722197.8374028,170236.98081640564,4973642186.283543
2024-05-28,68398.39,2224860225.7992225,227906.47769327188,4921170932.555976
2024-05-29,67652.42,1573095221.6483984,158286.2738792238,5161535871.853311
2024-05-30,68352.17,1945001081.521587,194568.2277452197,5080596396.42558
2024-05-31,67540.01,1812659052.2496767,195813.25193443167,5172542123.078328
2024-06-01,67766.85,598305207.9932046,50959.06944649395,5118637173.300555
2024-06-02,67765.63,1046827665.3829314,102226.8378868517,5161176204.505475
2024-06-03,68809.9,2047757076.226836,227745.4100854864,5409234431.602572
2024-06-04,70537.84,2069902136.99324,216167.93641898545,5730820313.321456
2024-06-05,71108.0,2040073765.8676395,204056.0488385031,5867377663.622518
2024-06-06,70799.06,1551467659.1542966,158401.58310962268,5804177336.57201
2024-06-07,69355.6,2507250591.3329782,288902.1436594347,5716532751.618604
2024-06-08,69310.46,678267390.5310388,65760.5190930138,5790993584.007805
2024-06-09,69648.14,687344656.0725566,68045.20694672843,5824547016.185967
2024-06-10,69540.0,1192466549.9691226,127421.62914310404,5954198745.543042
2024-06-11,67314.24,2793799020.4691243,311992.13158205955,5567448457.268651
2024-06-12,68263.99,2550285139.184372,330021.9575912062,5544277115.704936
2024-06-13,66773.01,1958897960.917292,248433.49132400544,5487680551.379026
2024-06-14,66043.99,1884451554.428285,238136.6290282756,5249807883.682555
2024-06-15,66228.25,758175888.0283372,72446.42281797918,5332127576.461573
2024-06-16,66676.87,624653672.6138575,80386.80170167699,5392675750.543456
2024-06-17,66504.33,1812061226.7565656,248413.0779100673,5299040991.31543
2024-06-18,65175.32,2755141806.0310903,335662.8619751867,5068957136.113079
2024-06-19,64974.37,1307731953.9545317,150095.7814093026,4900100016.777247
2024-06-20,64869.99,1584896152.1663702,220943.33385887783,4824956966.103931
2024-06-21,64143.56,1665541539.708616,210174.6013005214,4922051000.78726
2024-06-22,64262.01,470027247.3402083,52936.40773031885,5014399973.148056
2024-06-23,63210.01,526848525.0029452,72074.94109765286,4904685477.39739
2024-06-24,60293.3,3180853460.924751,442941.9462884813,4553366483.090572
2024-06-25,61806.01,1914901308.84587,264691.25154636084,4670878240.271532
2024-06-26,60864.99,1381716993.355492,170654.78809232434,4558407106.496017
2024-06-27,61706.47,1126705164.782892,160222.55426258253,4621794385.414994
2024-06-28,60427.84,1519872032.026636,195569.57337011443,4746522293.804597
2024-06-29,60986.68,701345872.4881144,79705.33258264228,4912711223.584075
2024-06-30,62772.01,1070250012.5446604,147824.36172447118,5379111755.817064
2024-07-01,62899.99,1550980813.6701343,193996.8372131121,5148976025.955688
2024-07-02,62135.47,1160792332.6175597,163156.54412835208,5249365469.458579
2024-07-03,60208.58,1945901232.9066567,295393.8123553495,5301431089.342742
2024-07-04,57050.01,3168619756.2436485,445674.3458141369,5053068930.604487
2024-07-05,56628.79,4515040083.536515,577373.0138118445,4706231481.462159
2024-07-06,58230.13,1235398733.4357028,178635.9587929017,4668960528.662122
2024-07-07,55857.81,1094135752.452869,210428.0899471815,4539805209.833175
2024-07-08,56714.62,2699942701.375511,464251.759876605,4471001140.636032
2024-07-09,58050.0,1592351321.655387,256415.5933171894,4769481061.372317
2024-07-10,57725.85,1452293495.6501489,254329.21277205227,4772211917.264966
2024-07-11,57339.89,1728929618.0583844,292315.1460319324,4878636357.078155
2024-07-12,57889.1,1360201319.0761504,238142.15276384624,4821357934.04451
2024-07-13,59204.02,900429281.1482327,157933.94517679283,5058187837.230784
2024-07-14,60797.91,1273562988.611176,208126.2667094929,5164854591.850794
2024-07-15,64724.14,2435540879.028933,352332.7296825948,5514676617.565941
2024-07-16,65043.99,2725231969.2884507,375322.4601041042,5408265559.861439
2024-07-17,64087.99,1922412273.088209,276742.18497491785,5086718741.273571
2024-07-18,63987.92,1449872437.6497972,215595.1174380585,5028031465.396809
2024-07-19,66660.0,2331517674.368659,311478.3541521193,5616715923.411639
2024-07-20,67139.96,961878801.8482212,123592.64606859426,5557877780.271668
2024-07-21,68165.34,1465757867.9747434,207293.50405372147,5497233283.370753
2024-07-22,67532.01,1448418369.8467095,193051.99334118827,5461474252.651505
2024-07-23,65936.01,2088544473.323508,270515.2664640589,5424989536.369931
2024-07-24,65376.0,1526490826.466997,215147.01764415807,5299013487.206281
2024-07-25,65799.95,2266419771.224864,319785.89639931504,5482390138.755586
2024-07-26,67907.99,1630839588.6966548,235442.84963714,5748125612.030105
2024-07-27,67896.5,2162335067.023417,331086.6621236111,5844701313.565372
2024-07-28,68249.88,736755676.1377451,116950.681149282,5859031466.172074
2024-07-29,66784.69,2499265962.091455,372654.733898939,5666527528.583653
2024-07-30,66188.0,1533270724.799421,246628.5352029999,5492549391.55212
2024-07-31,64628.0,1489443332.5960116,246465.28991098763,5336664306.878586
2024-08-01,65354.02,2270877792.65868,372767.8204309642,5698451665.412297
2024-08-02,61498.33,2469588785.6981573,421760.40300316096,5399705075.1897
2024-08-03,60697.99,1711555901.18011,290561.2509544243,5176991059.825484
2024-08-04,58161.0,1874490041.5437355,339605.31770305947,5124231083.2842045
2024-08-05,54018.81,8580928177.429901,1267798.0287995674,4063034779.6696057
2024-08-06,56022.01,3119018848.329888,436089.90236190334,4304065539.507251
2024-08-07,55134.16,2490553853.602583,377561.26654178486,4242862533.347957
2024-08-08,61685.99,2836312292.431818,470260.688894702,4623588564.503627
2024-08-09,60837.99,1878350555.5122635,308771.3456043577,4374532405.052393
2024-08-10,60923.51,607372221.2460397,115629.68508954716,4328932917.141956
2024-08-11,58712.59,1152081498.1567774,202602.7181989648,4115217170.396212
2024-08-12,59346.64,2186851067.316586,363475.26969202905,4064392168.357778
2024-08-13,60587.15,1668247896.8477187,256015.16150067275,4368740663.576374
2024-08-14,58683.39,1705464263.505865,237085.64580714787,4578863541.650646
2024-08-15,57541.06,2194915865.052229,360448.32862080046,4819060870.388291
2024-08-16,58874.6,1614654900.3332715,268647.67066154664,4835455285.931039
2024-08-17,59491.99,457737705.7722839,77104.73847052603,4914731008.619869
2024-08-18,58427.35,813166580.7264851,149716.97038608,4829960160.302042
2024-08-19,59438.5,1336287900.197634,214096.0334227169,4738255415.448879
2024-08-20,59013.8,1890620149.79102,287128.74845494016,4880538033.950316
2024-08-21,61156.03,1682529555.0960546,270666.5319920074,5233971868.938211
2024-08-22,60375.84,1288544247.9560175,211106.9622502837,5051449548.402302
2024-08-23,64037.24,2375916932.7935486,382595.8094057168,5550041336.127582
2024-08-24,64157.01,1015774255.1740764,132779.62363621368,5583150574.57684
2024-08-25,64220.0,789935122.9930242,115583.20448524714,5647799857.849431
2024-08-26,62834.0,1238341818.4320166,195961.006359178,5295994288.912245
2024-08-27,59415.0,2158144642.992993,339376.43778851285,4838547907.512225
2024-08-28,59034.9,2183054412.974087,313784.6838057291,4671423338.770224
2024-08-29,59359.01,1617931684.258576,233894.7222122597,4832826053.61293
2024-08-30,59123.99,1680918972.4658496,268360.78852256644,4720624826.410129
2024-08-31,58973.99,519849184.8690446,68888.31885425518,4775603904.541681
2024-09-01,57301.86,1202176847.3910584,222979.97677634915,4705764058.371843
2024-09-02,59132.13,1333092369.4465685,201278.3640841304,4878304845.789912
2024-09-03,57487.73,1335076815.8599248,230022.2924867126,4780327877.929128
2024-09-04,57970.9,2027630870.179676,327051.6753222925,4701078271.913211
2024-09-05,56180.0,1577770853.1007974,294799.69568264735,4701214541.801595
2024-09-06,53962.97,2988914918.924334,479077.153046235,4611656125.474658
2024-09-07,54160.86,905693342.5898322,127699.7495291149,4513235928.691517
2024-09-08,54869.95,885743172.9184759,162129.46141680318,4646381864.989442
2024-09-09,57042.0,1809715390.0493293,313174.13096874906,4995037268.505648
2024-09-10,57635.99,1349365460.0900571,228360.6063814601,4968985528.950642
2024-09-11,57338.0,1875738697.378416,333408.28558255977,4919469035.164246
2024-09-12,58132.32,1802848638.0757017,261531.8398525793,4968849610.432559
2024-09-13,60498.0,1760671733.5492997,277497.93443298404,5406814533.354267
2024-09-14,59993.03,728527024.3416963,102612.61609917604,5245191335.338083
2024-09-15,59132.0,822410872.3906956,130550.63228245969,5101341499.229889
2024-09-16,58213.99,1543273198.7027452,250762.8382096789,4919899771.986659
2024-09-17,60313.99,1983378424.775704,318541.9985640116,5150176088.866371
2024-09-18,61759.99,2174000496.820776,355793.38302713865,5175466243.12338
2024-09-19,62947.99,2153175931.1738715,302451.6669480686,5487726132.708877
2024-09-20,63201.05,1611195963.9908044,257234.7807075829,5472439852.032529
2024-09-21,63348.96,528657852.3183024,78194.09774949471,5483706659.919096
2024-09-22,63578.76,897477338.3735127,149176.7556494841,5450569445.471019
2024-09-23,63339.99,1531015038.3680267,234075.5320230749,5634842075.0196905
2024-09-24,64262.7,1472720338.8562915,236879.1609291621,5857149063.333454
2024-09-25,63152.01,1135250828.2732148,184997.6836601945,5581454159.183367
2024-09-26,65173.99,1831204595.9448967,320625.7352784512,5749816633.885217
2024-09-27,65769.95,1448852210.3602211,226467.36252026213,5646409293.697258
2024-09-28,65858.0,600118483.1222521,92802.70680509471,5614548039.957313
2024-09-29,65602.01,547980013.7152303,88159.19980546743,5615148143.449788
2024-09-30,63327.59,1920250261.744216,296885.88916901744,5497389255.84113
2024-10-01,60805.78,2723672081.8326254,429927.24804300256,5125586394.30677
2024-10-02,60649.28,1928377637.836784,327094.078645503,5003019087.693777
2024-10-03,60752.71,1590773866.8074434,286115.1619839421,5130409886.174831
2024-10-04,62086.0,1311145630.5020497,234868.14306313312,5259018445.441078
2024-10-05,62058.0,484588468.3419123,74353.6330674423,5228726151.447274
2024-10-06,62819.91,555669634.4773514,96443.75483003444,5413148609.331323
2024-10-07,62224.0,1646315506.5791943,299037.19411354134,5178676113.767467
2024-10-08,62160.49,1230076253.818657,226306.9791274641,5340195852.7371
2024-10-09,60636.02,1234778807.5932417,217370.46625638084,5268395501.162051
2024-10-10,60326.39,1445604381.9363792,263030.28966865694,5177529826.576528
2024-10-11,62540.0,1462219576.849865,263774.7245716669,5473308707.945979
2024-10-12,63206.22,686978508.9887543,102816.69021969193,5646832812.016403
2024-10-13,62870.02,746564374.2082387,129736.91060939996,5391713333.322746
2024-10-14,66083.99,2450094472.813545,338357.9187676884,5712765465.785294
2024-10-15,67074.14,2894021862.319518,422138.1476913252,5551585661.302591
2024-10-16,67620.01,2024560410.106268,254172.80462828104,5845878215.203534
2024-10-17,67421.78,1702164439.5654595,220237.21399453605,5507365942.783091
2024-10-18,68428.0,1959735899.8769643,245285.03807338537,5911597975.0211
2024-10-19,68378.0,559628628.9613105,68652.926893606,5931695345.066918
2024-10-20,69031.99,854082429.8105861,105972.76686559728,5979769005.228464
2024-10-21,67377.5,2130833593.5466976,249556.0970490776,5859970335.181187
2024-10-22,67426.0,1654285791.6605556,218541.68625616,5861453609.708352
2024-10-23,66668.65,1695101430.9187467,248293.0441952217,5616726806.205437
2024-10-24,68198.28,1526736320.912938,210954.9074743526,5828701978.902065
2024-10-25,66698.33,2320667435.293254,347771.2844669408,5341100480.516645
2024-10-26,67092.76,792887047.147892,94199.57770486202,5432435273.99671
2024-10-27,68021.7,585006148.4704809,88496.5748094022,5591153844.145125
2024-10-28,69962.21,2005105729.8174448,264559.4141227663,6234654138.185898
2024-10-29,72736.42,3602465986.891757,382622.0766589363,6566293987.32103
2024-10-30,72344.74,1941210537.2882867,227176.729404826,6463906723.756086
2024-10-31,70292.01,2091144977.4946847,256539.9803998731,6299079244.000761
2024-11-01,69496.01,2677358022.00497,352701.001394335,5845945031.690914
2024-11-02,69374.74,731232427.6311548,79338.08819369295,5957362484.966505
2024-11-03,68775.99,1709666206.4062023,226490.6338321558,5708058691.924777
2024-11-04,67850.01,2033902307.002776,244971.88568025065,5709221869.847919
2024-11-05,69372.01,2310418908.069922,273156.54035785905,5752104344.896616
2024-11-06,75571.99,7702283270.258009,676893.4283348079,6762258071.03472
2024-11-07,75857.89,3391796661.971956,280755.4199417617,6724502897.308754
2024-11-08,76509.78,2784449097.5315185,229397.86729101115,6883643752.478607
2024-11-09,76677.46,1294709001.60289,117791.00518086072,6708821723.230972
2024-11-10,80370.01,4905441473.900737,417555.9899677743,6912550327.120184
2024-11-11,88647.99,6944268709.942721,613726.9903074978,7539996588.439307
2024-11-12,87952.01,8540084566.279819,633909.5357055981,7419673830.370475
2024-11-13,90375.2,7790928962.043038,555430.1953322532,7509411485.091292
2024-11-14,87325.59,5073860815.928665,364729.6638253002,7513745394.962362
2024-11-15,91032.07,4276238971.181429,314511.58019810845,7729177095.868603
2024-11-16,90586.92,2067958511.904848,129063.93916035794,7680411758.4077
2024-11-17,89855.99,2153871724.810395,167555.3322367911,7558696191.935044
2024-11-18,90464.08,4239909950.661894,333474.6194248027,7692919244.583086
2024-11-19,92310.79,4025108502.849614,303619.51888960035,7885322730.535393
2024-11-20,94286.56,3950932314.646069,290120.0133166365,8447316658.73838
2024-11-21,98317.12,6722807908.325656,418466.95219401,8787680854.524128
2024-11-22,98892.0,4555536773.363205,265849.3014080547,8972155259.439642
2024-11-23,97672.4,2431609866.3295145,120184.72829368387,8825684297.561033
2024-11-24,97900.04,3034172011.9517884,173170.90566174392,8574856968.286325
2024-11-25,93010.01,4883444806.322193,329461.6365371653,8413670567.994104
2024-11-26,91965.16,5370918648.818167,345037.08537585667,8062224910.376207
2024-11-27,95863.11,3894358511.617565,237010.59422577827,8264312715.359565
2024-11-28,95643.98,2749861591.2596097,154055.43053936766,8231125681.944062
2024-11-29,97460.0,2690451030.634288,190579.92061075632,8586242175.482205
2024-11-30,96407.99,1402672950.6998208,93090.73230331345,8385003504.671288
2024-12-01,97185.18,1641327626.6062205,113258.57608212683,8426956267.996109
2024-12-02,95840.62,3646639621.737588,257608.0519902068,8283927147.21419
2024-12-03,95849.69,3413995542.0186563,205420.5425652991,8393006937.959211
2024-12-04,98587.32,4241994533.786106,275969.58822339773,9145513900.3674
2024-12-05,96945.63,11048002942.149933,541875.3493712284,8946211864.406313
2024-12-06,99740.84,4456641685.364444,282364.8766364277,8928243548.570293
2024-12-07,99831.99,1487953846.8385458,95888.6634191419,8854371557.045929
2024-12-08,101109.59,1459576946.402151,109785.68589275135,9047607248.772734
2024-12-09,97276.47,5283626995.705648,322644.26050331874,8757257497.033499
2024-12-10,96593.0,4988660195.092428,288717.0675081192,8478844976.387509
2024-12-11,101125.0,3745703763.01845,221874.2143434707,9399870793.850887
2024-12-12,100004.29,2949462583.8661704,214826.94907794744,9168161282.158855
2024-12-13,101424.25,2203903393.0741005,152355.32736338253,9329046560.160725
2024-12-14,101420.0,1441594367.0463192,107714.37308191785,9391417486.631529
2024-12-15,104463.99,2290462903.835791,157769.19141082003,10332413141.007042
2024-12-16,106058.66,4364964400.634553,274457.75520228385,9877538651.56487
2024-12-17,106133.74,3103833327.775107,197783.47498263995,9801919848.648603
2024-12-18,100204.01,5194263316.259236,310123.77153942874,9264683531.963978
2024-12-19,97461.86,5487546517.707752,367819.5236657519,8924532361.032085
2024-12-20,97805.44,6022845238.832326,393375.79449963616,8714060843.523071
2024-12-21,97291.99,2296232055.195926,161307.43613473966,8543947943.365471
2024-12-22,95186.27,1857819866.3604,148160.54735470825,8267648516.207687
2024-12-23,94881.47,3100007213.494563,247269.59662584704,8564885105.303662
2024-12-24,98663.58,2287214424.706476,211685.2069359794,9051208093.240818
2024-12-25,99429.6,1426143976.0493636,124736.08433929812,9133510986.390957
2024-12-26,95791.6,2049123567.3867724,194696.56306844336,8555514482.217436
2024-12-27,94299.03,2528567849.7794614,206016.97696623547,8453421266.883562
2024-12-28,95300.0,794651624.8349555,68012.65071749446,8642184121.338717
2024-12-29,93738.2,1278370863.9768472,95077.80764656416,8429296111.016493
2024-12-30,92792.05,2573126059.769478,222405.3422249727,8434278982.950105
2024-12-31,93576.0,1845718801.922704,178704.26525493615,8537662281.855641
2025-01-01,94591.79,975444194.1379983,91265.3357598972,8731492894.180347
2025-01-02,96984.79,2118411852.68128,181365.3743810017,8917187755.23434
2025-01-03,98174.18,1486610768.5907917,125217.95174304702,8891251991.710049
2025-01-04,98220.5,881223751.6353602,71925.67819892986,8588348799.922922
2025-01-05,98363.61,793931715.9546324,74970.92702250101,8862539809.938118
2025-01-06,102235.6,2540561688.7771435,207531.19473662484,9597694480.577042
2025-01-07,96954.61,3170421659.717236,255632.9994245521,8931846559.658535
2025-01-08,95060.61,3205849081.112962,261867.36327474425,8621022637.790405
2025-01-09,92552.49,3217669887.245398,257840.3419762045,8086677057.299954
2025-01-10,94726.11,2962085343.283704,260333.56735285083,8378387860.004257
2025-01-11,94599.99,665685994.93301,64681.96120786548,8292126635.57963
2025-01-12,94545.06,813278829.6583949,77322.42786900038,8275801163.362821
2025-01-13,94536.1,3930666134.3474574,355556.4905950364,7924251695.714997
2025-01-14,96560.86,2676048470.3569503,212835.9705083085,8157099736.742229
2025-01-15,100497.35,3006242382.8867946,216105.04465825987,8705563306.428696
2025-01-16,99987.3,2765162040.639799,216853.84693350497,8620069296.9054
2025-01-17,104077.48,4040993985.475047,249503.8866444532,9424542075.40079
2025-01-18,104556.23,2521522119.379525,167925.4585312473,9181124105.78813
2025-01-19,101331.57,4513423971.410253,276203.93685623014,8527484155.975645
2025-01-20,102260.01,9398787064.320717,457040.5370952854,8597005630.459232
2025-01-21,106143.82,4768512258.156502,273283.90437590133,9191816656.5426
2025-01-22,103706.66,2331144640.658579,151276.92752789237,8693149783.325602
2025-01-23,103910.34,5610760848.131639,418009.8345666891,8358649881.249838
2025-01-24,104870.5,2483818574.373748,165784.9399758299,8632693953.327925
2025-01-25,104746.85,949511531.3578016,65649.97035836379,8541350637.463709
2025-01-26,102620.0,1024352365.4715524,75810.88793997961,8376151066.171844
2025-01-27,102082.83,5092886322.829244,321574.9845345581,8573227885.714564
2025-01-28,101335.52,2253977324.036209,169931.76091566673,8138491013.417735
2025-01-29,103733.24,2380383694.772136,167016.97808478898,8443824258.500501
2025-01-30,104722.94,2038112603.5126407,137009.60670576076,8687906661.310268
2025-01-31,102429.56,2282174002.1952176,172283.2897709662,8539533031.826707
2025-02-01,100635.65,1250354228.2372296,90877.90802929371,8477842710.028918
2025-02-02,97700.59,3412084312.583628,232517.8535972493,8163918400.354238
2025-02-03,101328.52,7228589180.711621,386353.2790105472,7935888785.776699
2025-02-04,97763.13,3989698644.26493,262822.63542325824,7317764233.246326
2025-02-05,96612.43,2562342153.829685,148480.05274397088,7383163300.995975
2025-02-06,96554.35,2289071921.2175603,161562.79536914377,7260764204.472844
2025-02-07,96506.8,3107592434.6738343,222888.0628968189,7332142524.79919
2025-02-08,96444.74,977040267.5158632,69072.05558472134,7354827496.133759
2025-02-09,96462.75,1359495152.3107977,101203.96149695094,7184357904.759931
2025-02-10,97430.82,1999112052.6687863,132971.70999015027,7402205863.601882
2025-02-11,95778.2,1806534846.38632,154846.40306459562,7579992000.557776
2025-02-12,97869.99,2800142168.3943653,192362.7197699874,7668670958.022895
2025-02-13,96608.14,1916988246.3921187,142010.02084638138,7579451109.422048
2025-02-14,97500.48,1768073218.8690157,144498.35868734668,7503179275.50927
2025-02-15,97569.66,717245393.778092,47433.49670414362,7500582938.463924
2025-02-16,96118.12,794694242.2949733,56702.68910383531,7313088712.130788
2025-02-17,95780.0,1584593526.1754675,105579.05716118144,7372592020.431849
2025-02-18,95671.74,2223994802.892005,178973.85095932774,7841453715.016812
2025-02-19,96644.37,1576817572.1032505,125032.41144589412,7508907399.761123
2025-02-20,98305.0,1663386824.7315507,129218.9838757356,8100472762.774647
2025-02-21,96181.98,3143975917.5734644,250695.91418201,7816187124.505182
2025-02-22,96551.01,1087077133.8226364,65812.82852874725,7690004777.268744
2025-02-23,96258.0,1044392011.791024,69320.47163756854,7740188221.992524
2025-02-24,91552.88,2981809595.445377,216388.6167572112,8270982795.398202
2025-02-25,88680.4,6962982500.904474,464527.3004520343,7550231520.98328
2025-02-26,84250.09,4898429925.6364765,400957.0705524777,6934198460.276524
2025-02-27,84708.58,3618738891.222162,267665.6341035955,6988477129.860544
2025-02-28,84349.94,6806705236.690679,536248.0802714719,6657463944.319327
2025-03-01,86064.53,2194003507.852643,146982.9523518892,6751644616.57387
2025-03-02,94270.0,4972549515.788669,347523.0804807314,7450864759.074089
2025-03-03,86220.61,5321123743.471923,427307.1758108157,6136364397.334583
2025-03-04,87281.98,4704901219.590436,426484.187226071,5909904091.281076
2025-03-05,90606.01,3400243670.3049755,279030.4849635708,6324774034.367883
2025-03-06,89931.89,3105145628.3994,303040.38292386185,6181166227.090855
2025-03-07,86801.75,5097554826.613157,439811.0915673632,5997376523.022782
2025-03-08,86222.45,1119358968.6520054,96136.3932563734,5898846405.251135
2025-03-09,80734.37,2173552660.454479,221679.0000067221,5661863323.545048
2025-03-10,78595.86,3834924947.758186,410108.676006104,5477133300.593011
2025-03-11,82932.99,3927000827.110792,378294.306864592,5801756209.136692
2025-03-12,83680.12,2638600996.825396,296398.4210054961,5769715843.636055
2025-03-13,81115.78,2260870111.2393894,248015.74906851057,5842253217.705717
2025-03-14,83983.2,2244729595.541172,233618.1113005308,6127397898.8321495
2025-03-15,84338.44,953445671.8337504,76697.08538506781,5955338268.446229
2025-03-16,82574.53,1468056556.296723,174685.57357357678,5657752870.59451
2025-03-17,84010.03,1437716814.0468738,182643.8790898613,5971787572.3271055
2025-03-18,82715.03,1450813055.479726,187769.4035403937,5825729120.814819
2025-03-19,86845.94,2375813941.9437623,247237.1154201853,6618985949.390422
2025-03-20,84223.39,1885241921.155652,242960.0705637216,5956146734.781647
2025-03-21,84088.79,1005135519.2560016,144376.61643567798,5947126814.425854
2025-03-22,83840.59,456235443.8016522,52223.20564073599,5878830932.966465
2025-03-23,86082.5,718692319.1499038,90928.40989708342,6274679741.734477
2025-03-24,87498.16,2636765917.951844,210954.05220562825,6756072846.741076
2025-03-25,87392.87,1979571590.8982933,173531.10083582113,6556758084.437946
2025-03-26,86909.17,1606406955.5864632,187872.71200012945,6123101270.453102
2025-03-27,87232.01,1487968807.7079022,163457.98984322423,6168997783.82806
2025-03-28,84424.38,2309946560.664114,221917.39691152645,6233786798.047407
2025-03-29,82648.54,970199917.9868716,135553.60422673554,5870155656.192009
2025-03-30,82389.99,816584795.5288126,109600.3166493441,5760636637.70431
2025-03-31,82550.01,1696009191.0809648,212038.9050686731,5682270194.494799
2025-04-01,85158.34,1698895702.5754683,197104.84875686152,6091138298.194483
2025-04-02,82516.29,3417279759.830764,326555.0562835512,5763472336.149109
2025-04-03,83213.09,2259299724.8643928,239238.30217628888,5955822847.719152
2025-04-04,83889.87,2739842666.426737,353202.0128131749,6109366390.651762
2025-04-05,83537.99,779626577.9013436,99535.45224783792,5913037341.355521
2025-04-06,78430.0,2239085051.1529646,281278.5653151356,5734629268.073028
2025-04-07,79163.24,6084614024.150647,639173.7617364577,5610868852.080765
2025-04-08,76322.42,2775277777.102461,328483.28313646856,5597226603.1939535
2025-04-09,82615.22,5980231256.222496,548263.1394282565,6165579031.226422
2025-04-10,79607.3,2690294353.8478427,293753.5279745627,5853369248.625746
2025-04-11,83423.84,2830363945.1787524,295654.6323055301,6521061443.228112
2025-04-12,85276.9,1557403252.9267516,157254.2706216313,6900816545.236708
2025-04-13,83760.0,2086106375.439256,207103.13724006963,6491682771.2426605
2025-04-14,84591.58,2429132805.0815287,207985.22139276133,6412462311.510467
2025-04-15,83643.99,1780972414.3956008,184568.49580847257,6474719936.56763
2025-04-16,84030.38,1753910031.2009242,209495.8430332511,6412261478.534725
2025-04-17,84947.91,1161659427.386263,140874.74013880378,6622989950.802662
2025-04-18,84474.69,552648483.647487,55231.29078739597,6451066246.575226
2025-04-19,85077.01,823222752.2842493,73403.41150582992,6733149068.182376
2025-04-20,85179.24,685253644.8918362,90647.12251599634,6589586691.505737
2025-04-21,87516.23,2773299591.467066,274116.7850687584,7181376993.188463
2025-04-22,93442.99,3967785064.12817,334077.8029463323,7897637014.794533
2025-04-23,93691.08,2560279933.947952,229537.6812208413,7643664153.274898
2025-04-24,93980.47,1811120137.314679,157132.66541302184,7783635208.362362
2025-04-25,94638.68,2596877713.640173,191860.42594821643,8135819193.719982
2025-04-26,94628.0,889627361.8414447,72486.30634947201,7934262506.765723
2025-04-27,93749.3,1052334792.1866188,83840.36881970489,7884609756.535268
2025-04-28,95011.18,2092532996.555172,194441.61196227337,7779196669.445524
2025-04-29,94256.82,1607154803.4675477,147870.66727377436,7720540407.106781
2025-04-30,94172.0,1664825670.9831252,170967.45133177374,7536413547.231946
2025-05-01,96489.91,2053857614.2732675,184574.6907549408,8293330370.026019
2025-05-02,96887.14,1446387651.5840576,139223.20922432368,8348740491.068559
2025-05-03,95856.42,935906144.9651498,71442.45436899106,8023007477.870165
2025-05-04,94277.62,1053542403.8531588,94290.01011892376,7708542731.059704
2025-05-05,94733.68,1626999380.1759968,154944.04174287163,7614822143.887358
2025-05-06,96834.02,1526847764.5636685,173665.1409515015,7991355190.007536
2025-05-07,97030.5,1611730124.5924542,185321.27533337072,7901335753.170788
2025-05-08,103261.6,3508645830.5650144,317512.1979985132,8210507982.745536
2025-05-09,102971.99,2847518447.981513,172553.25859573085,8079799005.112533
2025-05-10,104809.53,1588386278.502415,104409.0095297604,8380357583.302849
2025-05-11,104118.0,1873381777.2124248,139073.83829166106,8466857194.27883
2025-05-12,102791.32,3242348937.383069,254937.520903736,8388013876.47712
2025-05-13,104103.72,2197244118.152367,161996.29657612692,8565418118.108604
2025-05-14,103507.82,1704708279.3884108,126275.32597224726,8302629026.281916
2025-05-15,103763.71,1850183474.529204,169829.6498321514,8250246306.121781
2025-05-16,103463.9,1628832372.3241482,115524.03389372768,8302762195.340213
2025-05-17,103126.65,1160418362.950618,90358.1767286222,8102048237.299047
2025-05-18,106454.26,2262214972.0749383,171531.49855659064,8618203387.763435
2025-05-19,105573.74,3150324504.595452,256573.6899914964,8692184473.029583
2025-05-20,106849.99,2509102444.669598,226239.66197627367,8955338469.83478
2025-05-21,109643.99,4914709514.320026,404880.6293428741,9536747801.76884
2025-05-22,111696.21,3509432834.573417,246113.9315134413,9832563493.274612
2025-05-23,107318.3,3469704446.3904047,268719.6012622872,9017273390.087715
2025-05-24,107761.91,1819958819.7748587,165185.04948897814,9294553683.372295
2025-05-25,109004.19,1904366455.425858,159512.87628026123,9586460019.542725
2025-05-26,109434.79,1605578282.107903,147032.21382994362,9866322255.131989
2025-05-27,108938.17,2327603851.119265,223661.9190440363,9455560929.734478
2025-05-28,107781.78,1689136748.5130312,158420.1499433553,9398558597.129423
2025-05-29,105589.75,2128639017.5081613,213161.0526497912,9040472724.212751
2025-05-30,103985.48,2493078549.591861,213004.70952645145,8569621864.062399
2025-05-31,104591.88,1174000801.507038,103640.40303198482,8737412866.933302
2025-06-01,105642.93,1016188486.9505996,97443.54396587436,8745264422.520033
2025-06-02,105857.99,1409004206.9863732,158289.71295977937,8679117819.026691
2025-06-03,105376.89,1402493746.5993218,139243.4225753952,8690832048.417233
2025-06-04,104696.86,1476928482.368878,118525.1768591466,8456550470.510205
2025-06-05,101508.68,2301567892.5305448,243497.80652148623,8347147645.335291
2025-06-06,104288.44,1642382404.9355752,173078.5156325939,8822046932.368263
2025-06-07,105552.15,877915380.9548231,79858.26463422632,8781407804.436535
2025-06-08,105734.0,850887129.4282976,75128.10840922025,8722040971.282051
2025-06-09,110263.02,2154922022.221173,192932.7908875276,9527334192.538776
2025-06-10,110274.39,1867620550.192173,152206.17349892185,9316860180.205482
2025-06-11,108645.12,1434884639.7506304,132371.66045333116,8938839055.978443
2025-06-12,105671.73,1908309274.0868344,185817.71231491296,8393739718.488889
2025-06-13,106066.59,2735461890.6929703,240805.84170048687,8325178339.026671
2025-06-14,105414.64,925568614.1784064,79935.72997399665,8242515344.626365
2025-06-15,105594.01,754596887.8748004,78844.17200419189,8299985392.385301
2025-06-16,106794.53,1599849840.7325244,166851.13497653586,8326149515.603589
2025-06-17,104551.17,1883173484.8991,226103.60122569787,8002592739.226169
2025-06-18,104886.78,1461383024.362209,172745.78108670542,8020996370.488109
2025-06-19,104658.59,803402575.962045,87723.10578380906,8140118017.367389
2025-06-20,103297.99,1714411911.0114017,199164.61794065253,8004465444.063757
2025-06-21,102120.01,1144829784.7306418,120279.32101491846,7705338038.060043
2025-06-22,100963.87,2892695407.808688,293522.4633735819,7941801744.068496
2025-06-23,105333.93,2836166831.044449,297299.9462666261,7647298447.016113
2025-06-24,106083.0,1543451113.4563613,144486.7330345394,8002626033.942439
2025-06-25,107340.58,1789545470.94629,159259.14155627717,8222767066.17746
2025-06-26,106947.06,1136093974.6816013,114461.17994278694,8310980157.47655
2025-06-27,107047.59,1308420348.9100094,118669.6582554966,8063542495.252639
2025-06-28,107296.79,352025390.6031135,35681.305140908495,8101580817.822067
2025-06-29,108356.93,736708189.9495684,79473.19164348452,8441556158.439305
2025-06-30,107146.5,1050407152.345058,113131.1030298294,8186614568.871785
2025-07-01,105681.14,1117432945.8926363,120464.46418728674,7858369724.121551
2025-07-02,108849.6,1915699005.8772893,177616.9506183894,8854750072.243397
2025-07-03,109584.78,1429459048.6383262,141457.98839662116,9087798697.392183
2025-07-04,107984.24,1276215111.6683652,132251.88081831427,8584170435.880977
2025-07-05,108198.12,403928702.1967476,36663.55376548542,8578439099.250188
2025-07-06,109203.84,700733299.5112199,72408.25482552117,8507654284.569161
2025-07-07,108262.94,1020848316.053704,106425.93925331291,8467847630.554884
2025-07-08,108922.98,1000112813.4398944,95182.17543913808,8505466444.799917
2025-07-09,111233.99,1902054744.194924,167851.02814507252,9527709638.5507
2025-07-10,116010.0,2826460280.445224,211698.7301850101,9873257323.83472
2025-07-11,117527.66,3039521803.027247,199610.77212323016,10319716626.607191
2025-07-12,117420.0,993093353.4068904,63711.13917353519,10336653992.44256
2025-07-13,119086.64,1132096857.0116916,90044.7332440306,10647367860.292383
2025-07-14,119841.18,3299746181.0770736,221467.1874547668,11154596285.050331
2025-07-15,117758.09,3755258445.553272,269396.7960383029,10566358069.807917
2025-07-16,118630.43,2023850383.723488,159032.53135487865,10622234491.351051
2025-07-17,119177.56,1869114355.1231644,164233.7455873032,10682325457.0484
2025-07-18,117924.84,2367355518.470308,162205.15419963055,10536928105.216118
2025-07-19,117840.0,783327898.4969696,52541.38461323018,10334438374.89938
2025-07-20,117265.12,1528864683.816082,81395.36759520206,10467722647.833467
2025-07-21,117380.36,2020783266.9633648,141743.56012385688,10598501620.6408
2025-07-22,119954.42,2481252763.651911,186779.9226434129,10812248176.585058
2025-07-23,118755.99,1722126986.886661,133798.7338427801,10351700518.169498
2025-07-24,118340.99,1873181653.2018075,136180.54421259215,10601867297.84624
2025-07-25,117614.31,4456778786.620494,259774.0185414348,10762923630.934471
2025-07-26,117919.99,823629079.7493103,57236.16472298181,10529120117.4868
2025-07-27,119415.55,1107883542.1607983,76001.0206800896,10798243896.377148
2025-07-28,118062.32,1655882235.896518,106736.53384278616,10840426520.312256
2025-07-29,117950.76,1788682083.6856463,114969.66370945403,10727424708.40256
2025-07-30,117840.3,1832696878.222986,122702.7824715906,10776856723.67243
2025-07-31,115764.08,2002870016.7022424,135066.2170886728,10445028196.64791
2025-08-01,113297.93,2810268577.15137,212741.69288607544,10082120474.050558
2025-08-02,112546.35,1301882737.326722,102190.6055025664,9648153811.554262
2025-08-03,114208.8,841090034.1542541,62823.46026296343,9729260800.242607
2025-08-04,115055.03,1109938874.0629709,83351.89934158348,9758316214.517612
2025-08-05,114129.75,1371861747.1466167,119109.88657616435,9567258699.853308
2025-08-06,114992.27,1118028732.8589184,98593.613320078,9630496150.89325
2025-08-07,117472.01,1564454297.836927,133940.43436538175,9746699359.226215
2025-08-08,116674.74,1172199778.7242546,89139.36577567019,9592882494.319069
2025-08-09,116462.25,1111837601.7023723,77936.75389151767,9782764289.89997
2025-08-10,119294.01,1694198747.8718708,130295.20602698864,10372940073.498926
2025-08-11,118686.0,3194611530.541069,217133.9579449648,10648227737.10428
2025-08-12,120134.08,1992762473.5852573,125525.2072833853,10686594951.390276
2025-08-13,123306.43,2811581348.3874574,187844.61917330176,11502745167.919088
2025-08-14,118295.09,3359128391.108524,224410.55126584816,10872670350.888248
2025-08-15,117342.05,1607609329.685101,120145.4979674352,10443556224.799868
2025-08-16,117380.66,751719391.7723638,46525.4263865373,10629367290.703568
2025-08-17,117405.01,695629197.9038073,54375.49989610266,10513219505.023815
2025-08-18,116227.05,2053814085.4717767,146158.6213453499,10167452050.30918
2025-08-19,112872.94,2065010895.8584664,140983.7083768444,9915963442.479364
2025-08-20,114271.24,1776149566.1247735,130543.46202954996,9825156766.331371
2025-08-21,112500.0,1227373788.615563,96430.9117947253,10085325662.161385
2025-08-22,116935.99,2656625122.2777867,163851.2634105977,10357485475.408695
2025-08-23,115438.05,1308825428.0143583,78438.32348573163,10588714297.462433
2025-08-24,113493.59,2411284606.189177,98098.10162927004,10637817191.665071
2025-08-25,110111.98,2805570653.631023,191907.80983632835,9922106358.915192
2025-08-26,111763.22,2033437347.4999392,142338.644100491,9973252916.133137
2025-08-27,111262.01,1493774927.190832,108292.33467866888,9803322907.64058
2025-08-28,112566.9,1250788481.9453218,97609.5321196968,9904020906.441095
2025-08-29,108377.4,2475492492.57753,170484.52459517433,9660151756.118406
2025-08-30,108816.33,1160666772.7387524,60667.81995625341,9742121581.075018
2025-08-31,108246.35,1031806894.3513318,70171.07289826259,9723327688.522863
2025-09-01,109237.42,1742516638.781135,149043.31772300426,9660258777.620687
2025-09-02,111240.01,2042681451.9016385,175957.8923387925,9928556114.481918
2025-09-03,111705.71,1313762617.3436644,105470.90818054414,10086410889.2072
2025-09-04,110730.87,1349031325.5320847,122318.52573731364,9751976918.809706
2025-09-05,110659.99,2413132200.623325,178666.17928823322,9654313734.97532
2025-09-06,110187.97,552785936.5434699,46296.50245816255,9583421619.675611
2025-09-07,111137.34,630447950.1588689,53851.59028259714,9876208571.25805
2025-09-08,112065.23,1295903862.4649603,99130.20291765274,10224321816.809286
2025-09-09,111546.39,1721465997.906366,136843.28244633198,10276686576.603634
2025-09-10,113960.0,1978834750.2223115,144122.59462148696,10686975205.683777
2025-09-11,115482.69,1562241144.956541,105580.13249905549,10696864191.882175
2025-09-12,116029.42,1772122269.5018637,118872.13887533185,10637297840.64429
2025-09-13,115918.29,957724220.6497612,52514.85527765869,10339749304.863312
2025-09-14,115268.01,775762364.9685991,55100.54570701361,10112285318.22506
2025-09-15,115349.71,1522648235.2235153,117275.19811319857,10189934648.146774
2025-09-16,116788.96,1265779287.5169268,99445.34893719335,10596543640.564655
2025-09-17,116447.59,1946083704.6217456,150599.46366732617,10181217400.417353
2025-09-18,117073.53,1367513347.486509,107153.72992666262,10660954492.56914
2025-09-19,115632.38,1045792401.4532388,88114.93289671165,10419155311.940172
2025-09-20,115685.63,541264273.2416894,32360.047594828306,10311687957.31026
2025-09-21,115232.29,521299751.1504096,32783.58467106275,10217446300.316582
2025-09-22,112650.99,2348872511.698875,157039.94528015362,9812224036.248058
2025-09-23,111998.8,1383869800.273703,101938.54730534847,9881837123.523975
2025-09-24,113307.0,1394470628.502582,105270.07407804912,10099508374.814646
2025-09-25,108994.49,2356639689.925215,174501.9538798763,9242869707.093157
2025-09-26,109643.46,1557098915.9392595,111468.68769544925,9309162953.95235
2025-09-27,109635.85,601947588.9970765,35819.32550719925,9267769972.404638
2025-09-28,112163.95,832254944.3203353,77244.34133404544,9655423236.223938
2025-09-29,114311.96,1755247635.871136,125405.37963328598,10156745695.090818
2025-09-30,114048.93,1710713267.1300955,119298.55685676218,10093959846.252537
2025-10-01,118594.99,2332096981.265933,172752.00904354287,10846678479.44933
2025-10-02,120529.35,2349861127.3445807,145229.62345226778,11289504530.43467
2025-10-03,122232.0,2907381076.6813188,162801.06543619197,11716384225.166632
2025-10-04,122391.0,1002272903.3446472,70443.44047672927,11799020236.10698
2025-10-05,123482.31,2730817470.939564,162437.74828117597,12258471745.138905
2025-10-06,124658.54,2428828952.2653184,140001.3377139214,12477131954.517878
2025-10-07,121332.95,2657405799.8705487,172357.73216091166,11302505552.040724
2025-10-08,123306.0,2084842842.441617,126821.08044944932,11372189284.361065
2025-10-09,121662.4,2621438087.566733,163619.8677055792,11763247752.700968
2025-10-10,112774.5,7349750905.041158,283163.7636484001,8167574336.948782
2025-10-11,110644.4,3961069473.231136,163037.9328604364,8221365157.293049
2025-10-12,114958.8,3638546528.740156,214630.54936874096,8724383625.818117
2025-10-13,115166.0,2591831660.985749,190181.3733863693,8827767773.572464
2025-10-14,113028.14,3578140778.808499,248427.6885007422,8959933288.899267
2025-10-15,110763.28,2569639641.3527684,130975.92090903808,8653081400.427761
2025-10-16,108194.28,3277596494.7619195,181470.8305155357,8625870425.713436
2025-10-17,106431.68,4022645635.221202,229847.10444226043,8409643728.08416
2025-10-18,107185.01,1189002999.143113,68499.81578577474,8810633297.960394
2025-10-19,108642.78,1670074079.5802343,113220.60615190367,8774472896.19232
2025-10-20,110532.09,2119912185.593468,132156.60788335814,9264066037.678576
2025-10-21,108297.67,4114477849.932054,241002.0283427437,8977213579.093388
2025-10-22,107567.44,3090291706.4439816,175761.72870377093,8170932463.876705
2025-10-23,110078.18,1924582289.411394,129677.00778780364,8428175982.404033
2025-10-24,111004.89,1662806764.9533324,110649.64034904784,8631936725.55337
2025-10-25,111646.27,714201332.9751225,45283.70323451436,8852054310.643648
2025-10-26,114559.4,1525108635.874829,97365.97959498416,9361581813.013103
2025-10-27,114107.65,2470872744.5489683,118643.68409436308,8901417266.70657
2025-10-28,112898.45,1772753529.8642745,131128.46483865764,8557366804.735056
2025-10-29,110021.29,2356715986.533545,163960.29266780365,8616291332.714529
2025-10-30,108322.88,2827221287.4227977,205289.01223816827,8435910181.9324465
2025-10-31,109608.01,2361590437.9414105,151847.33575132588,8586959708.648129
2025-11-01,110098.1,812389216.4346797,41627.30038506963,8440674103.113472
2025-11-02,110540.68,1336870531.1415012,61128.20060881512,8402149791.508771
2025-11-03,106583.04,3076006652.0015674,174312.76243552077,8250543740.226702
2025-11-04,101497.22,5197697635.212413,281828.6961673981,8220110743.243923
2025-11-05,103885.16,3454273922.700385,167821.70493164222,8713041683.42243
2025-11-06,101346.04,2641767846.305827,144869.16519551846,8338883977.119205
2025-11-07,103339.08,3251112979.305884,164018.40592711966,8972124869.585287
2025-11-08,102312.94,1267165565.37527,70697.57032484378,8620852706.285769
2025-11-09,104722.96,1687020822.3668208,92290.8739861616,8951547353.013824
2025-11-10,106011.13,2400141664.389342,120432.7712292818,9205357112.795353
2025-11-11,103058.99,2532279071.0069213,132636.80076095808,8824020926.404127
2025-11-12,101654.37,2108514405.260877,140905.70186702948,8739131274.769348
2025-11-13,99692.02,3654698026.540381,236120.65260425216,9131770533.03736
2025-11-14,94594.0,4566085156.747207,287067.1120886623,8831625290.281506
2025-11-15,95596.24,1449074019.0674856,90248.58929600516,9259269826.022415
2025-11-16,94261.44,2261295524.8173394,135792.17318559968,9300804676.308886
2025-11-17,92215.14,3674562070.238606,205225.29721879543,9341050527.103712
2025-11-18,92960.83,3641033186.3004575,232764.04695172684,9290034277.599024
2025-11-19,89654.87,1810755281.277156,13852954774.4881,8949468633.34171
2025-11-20,86896.84,3254540523.693438,22287506853.7044,9038322985.55768
